Attribute-A,Statement-A,Attribute-B,Statement-B
Integrity/Accountability,I always fulfill my commitments honestly and ethically.,Safety,I take proactive steps to ensure a safe work environment.
Integrity/Accountability,"I take responsibility for my actions, even in difficult situations.",Work Ethic,I consistently put in the effort needed to get the job done.
Integrity/Accountability,I prioritize honesty and accountability in all interactions.,Teamwork,I focus on creating a collaborative and supportive team dynamic.
Integrity/Accountability,I adhere to my ethical principles in all customer interactions.,Customer Service,I strive to go above and beyond to ensure customer satisfaction.
Integrity/Accountability,I maintain my integrity while working toward my goals.,Goal Orientation,I set ambitious targets and work diligently to achieve them.
Integrity/Accountability,I hold myself accountable for improving my skills and knowledge.,Learning Agility,I adapt quickly to new challenges and learning opportunities.
Integrity/Accountability,I address conflicts with honesty and fairness.,Conflict Resolution,I focus on resolving disagreements in a constructive way.
Integrity/Accountability,I take ownership of my decisions and their consequences.,Self-Awareness,I reflect on how my actions and behavior impact others.
Integrity/Accountability,"I remain consistent in my values, even under pressure.",Emotional Stability/Moodiness,I stay calm and composed during stressful situations.
Integrity/Accountability,"I prioritize acting ethically, even if it slows my progress.",Ambition,I am driven to achieve success and recognition in my career.
Safety,I am vigilant about identifying and addressing safety risks.,Work Ethic,I am dedicated to delivering high-quality results consistently.
Safety,I promote safety to protect everyone on the team.,Teamwork,I contribute to a positive and cooperative team environment.
Safety,I ensure safety standards are followed to benefit all stakeholders.,Customer Service,I prioritize creating a great experience for customers.
Safety,I prioritize safety over reaching goals too quickly.,Goal Orientation,I am focused on setting and achieving ambitious goals.
Safety,I ensure safety protocols are adhered to in new situations.,Learning Agility,I adapt quickly to changes and learn from new experiences.
Safety,I address safety concerns in any conflicts that arise.,Conflict Resolution,I work to find fair and equitable solutions to workplace disputes.
Safety,I am mindful of how my actions impact workplace safety.,Self-Awareness,I reflect on my own behavior to improve my performance.
Safety,"I maintain a strong focus on safety, even under stress.",Emotional Stability/Moodiness,I stay calm and composed when handling stressful situations.
Safety,I prioritize safety over personal or career advancement.,Ambition,I am motivated to achieve ambitious goals in my career.
Work Ethic,I consistently strive to deliver my best work.,Teamwork,I enjoy collaborating with others to achieve shared goals.
Work Ethic,I am willing to go the extra mile to complete tasks effectively.,Customer Service,I focus on ensuring customers are satisfied with their experience.
Work Ethic,"I put consistent effort into everything I do, regardless of difficulty.",Goal Orientation,I am motivated by achieving specific and measurable goals.
Work Ethic,"I maintain a strong work ethic, even when tasks are unfamiliar.",Learning Agility,I quickly adapt to new challenges and approaches to improve results.
Work Ethic,"I focus on maintaining productivity, even during workplace disputes.",Conflict Resolution,I work to resolve disagreements constructively and fairly.
Work Ethic,"I pride myself on delivering consistent, high-quality work.",Self-Awareness,I reflect on my behavior to understand its impact on my performance.
Work Ethic,"I stay focused on my tasks, even when under pressure.",Emotional Stability/Moodiness,I maintain emotional balance during challenging situations.
Work Ethic,I work hard to ensure the quality of my output is always high.,Ambition,I aim for career advancement and strive to exceed expectations.
Teamwork,I collaborate effectively to ensure team success.,Customer Service,I focus on creating positive experiences for customers.
Teamwork,I prioritize building strong team dynamics to achieve goals.,Goal Orientation,I am driven to accomplish my individual objectives.
Teamwork,I enjoy working with others to solve problems collectively.,Learning Agility,I adapt quickly to new environments and processes.
Teamwork,I foster collaboration to maintain harmony in the workplace.,Conflict Resolution,I address conflicts directly to find equitable solutions.
Teamwork,I focus on ensuring my contributions benefit the team.,Self-Awareness,I reflect on how my actions influence the group dynamic.
Teamwork,"I stay focused on team goals, even under stressful circumstances.",Emotional Stability/Moodiness,I remain calm and composed when dealing with challenges.
Teamwork,I prioritize team success over individual recognition.,Ambition,I am driven to excel and achieve personal career milestones.
Customer Service,I prioritize customer satisfaction above all else.,Goal Orientation,I set clear goals and work tirelessly to achieve them.
Customer Service,I adapt my approach to meet the specific needs of each customer.,Learning Agility,I embrace new challenges and quickly learn to improve my skills.
Customer Service,I handle customer concerns with patience and professionalism.,Conflict Resolution,I focus on finding fair resolutions to workplace conflicts.
Customer Service,I think about how my actions influence customer satisfaction.,Self-Awareness,I evaluate my behavior to improve my professional relationships.
Customer Service,"I remain professional with customers, even in difficult situations.",Emotional Stability/Moodiness,I keep my emotions under control during stressful interactions.
Customer Service,I prioritize ensuring customer needs are met above personal goals.,Ambition,I am motivated to advance in my career and achieve recognition.
Goal Orientation,I focus on setting and achieving measurable objectives.,Learning Agility,I adapt quickly to new tasks and learn from every experience.
Goal Orientation,I stay focused on my goals while addressing workplace challenges.,Conflict Resolution,I work to resolve disagreements in a constructive manner.
Goal Orientation,I prioritize accomplishing my personal and professional goals.,Self-Awareness,I reflect on how my actions align with my values and goals.
Goal Orientation,"I remain determined to achieve my goals, even under pressure.",Emotional Stability/Moodiness,I stay calm and level-headed when dealing with unexpected stress.
Goal Orientation,I work hard to achieve specific goals I set for myself.,Ambition,I aim to advance my career and achieve personal recognition.
Learning Agility,I adapt quickly to new challenges and approaches.,Conflict Resolution,I work to mediate and resolve disagreements effectively.
Learning Agility,I embrace new opportunities to learn and grow.,Self-Awareness,I regularly assess how my actions impact those around me.
Learning Agility,I handle change with a positive and adaptable mindset.,Emotional Stability/Moodiness,I stay calm and resilient when faced with unexpected challenges.
Learning Agility,I focus on learning and growing from every experience.,Ambition,I am driven to achieve success and advance my career.
Conflict Resolution,I strive to resolve conflicts fairly and constructively.,Self-Awareness,I reflect on how my actions contribute to disagreements.
Conflict Resolution,I address conflicts calmly and rationally.,Emotional Stability/Moodiness,I maintain emotional control during difficult conversations.
Conflict Resolution,I focus on resolving workplace disagreements constructively.,Ambition,I strive to achieve my goals and advance my career.
Self-Awareness,I reflect on how my emotions affect my decisions and actions.,Emotional Stability/Moodiness,"I maintain emotional composure, even under pressure."
Self-Awareness,I focus on understanding how my strengths contribute to my success.,Ambition,I aim to achieve recognition and advancement in my career.
Emotional Stability/Moodiness,"I remain calm and balanced, even when challenges arise.",Ambition,I am driven to succeed and achieve my career goals.